,1103,1106,1112,1114,1125,1131,1137,1139,1140,1153,1155,1163,1181,1196,1199,1206,1207,1208,1211,1214,1228,1232,1242,1243,1246,1254,1257,1266,1272,1276,1277,1281,1287,1294,1314,1323,1324,1326,1330,1336,1338,1343,1345,1350,1361,1364,1385,1389,1393,1396,1397,1400,1401,1412,1417,1421,1424,1425,1427,1429,1433,1435,1437,1449,1452,1458,1459,1462
adj_def_eff,99.533,105.437,97.0522,104.657,93.268,103.292,97.7759,97.278,94.2638,90.218,90.4152,93.1006,89.0891,95.0304,88.1874,94.9599,95.2916,95.1889,94.1013,97.7279,92.727,96.8677,90.8029,92.0845,92.4889,103.533,88.3769,97.4927,96.7112,95.3533,93.7079,96.3729,98.4152,101.426,89.1087,96.6246,104.345,91.4115,94.8747,97.4264,92.2012,97.4016,89.4016,95.4298,88.2242,99.4018,93.6698,91.7599,91.6187,92.7362,94.5968,88.1564,94.5593,96.1119,93.8189,99.0391,91.5518,93.9363,106.668,90.2135,100.813,97.7687,96.4465,94.2736,93.145,96.348,104.341,96.2683
adj_eff,3.75741,-13.0699,18.8834,-4.48952,18.9677,-0.385171,7.579739999999998,14.9935,23.4657,19.6039,17.4409,21.703000000000007,29.5475,19.5245,14.9701,18.3096,18.9952,11.9637,16.5087,-3.79341,19.5782,4.62225,28.7018,17.4393,25.2715,5.37973,22.87,18.1301,6.96184,15.4164,14.7956,16.559,6.79253,4.58447,21.5431,24.6542,12.9371,32.232,14.251,14.4209,27.4261,8.81724,25.6115,15.5729,25.6096,4.10161,16.8263,3.24183,22.6298,16.988,13.3636,26.7252,15.3838,12.5184,13.7419,2.393,18.7696,14.3669,-5.19344,20.1997,8.74997,17.437,18.299,22.2141,20.1684,25.5977,7.57016,16.5395
adj_off_eff,103.29,92.3675,115.936,100.167,112.236,102.907,105.356,112.272,117.73,109.822,107.856,114.804,118.637,114.555,103.157,113.269,114.287,107.153,110.61,93.9345,112.305,101.49,119.505,109.524,117.76,108.912,111.247,115.623,103.673,110.77,108.503,112.932,105.208,106.011,110.652,121.279,117.282,123.643,109.126,111.847,119.627,106.219,115.013,111.003,113.834,103.503,110.496,95.0018,114.248,109.724,107.96,114.882,109.943,108.63,107.561,101.432,110.321,108.303,101.474,110.413,109.563,115.206,114.746,116.488,113.313,121.946,111.911,112.808
ast,14.352941176470589,11.625,14.088235294117647,11.030303030303031,16.38235294117647,9.852941176470589,14.727272727272727,12.419354838709678,14.272727272727273,14.272727272727273,12.90625,13.114285714285714,14.411764705882353,13.727272727272727,12.483870967741936,14.3125,15.129032258064516,15.1875,14.90625,11.806451612903226,16.59375,12.375,17.88235294117647,14.129032258064516,12.696969696969697,15.125,17.470588235294116,15.823529411764707,14.588235294117647,13.40625,14.875,16.21875,12.129032258064516,11.586206896551724,15.333333333333334,16.71875,16.09090909090909,15.617647058823529,14.454545454545455,12.151515151515152,17.375,13.266666666666667,15.8125,14.970588235294118,13.21875,14.0,12.75,11.333333333333334,16.303030303030305,15.25,13.121212121212121,13.470588235294118,13.387096774193548,13.666666666666666,14.625,14.0,15.53125,12.06060606060606,12.586206896551724,14.46875,14.205882352941176,13.393939393939394,13.75,17.151515151515152,15.064516129032258,13.161290322580646,14.393939393939394,13.32258064516129
blk,3.411764705882353,4.5625,2.6470588235294117,2.3636363636363638,3.4705882352941178,3.7058823529411766,3.1818181818181817,1.5161290322580645,4.181818181818182,3.787878787878788,4.875,5.628571428571429,4.411764705882353,3.5454545454545454,5.741935483870968,3.3125,4.451612903225806,5.03125,3.625,5.709677419354839,4.625,4.28125,4.147058823529412,4.645161290322581,6.2727272727272725,3.4375,4.9411764705882355,3.6176470588235294,5.352941176470588,2.0625,4.96875,4.96875,3.2580645161290325,1.896551724137931,5.333333333333333,3.6875,5.454545454545454,3.323529411764706,4.363636363636363,2.484848484848485,3.4375,4.166666666666667,4.125,4.117647058823529,4.71875,4.172413793103448,2.8125,4.606060606060606,6.818181818181818,4.6875,3.6666666666666665,4.911764705882353,1.5806451612903225,3.1333333333333333,5.78125,4.379310344827586,3.78125,2.9696969696969697,2.3793103448275863,3.25,3.676470588235294,4.848484848484849,3.75,5.333333333333333,4.290322580645161,3.161290322580645,2.484848484848485,3.096774193548387
def_eff,99.77876106194691,99.46936806560541,102.29198252028893,106.43682551809756,90.44060809069829,103.20660522273421,97.0239198961617,100.29865604778495,96.70035415047079,94.74398758727693,95.42918664970145,101.14071752002786,93.28836136965245,99.17079679756007,91.04632512501179,96.7662669549833,103.64188163884675,99.65119658947778,97.52220663861617,93.17916828604741,99.88513448836984,100.78763127187867,94.85118029421828,98.33077513430544,97.64575030123275,100.95661086436623,95.17414659504416,103.61871138570169,99.21995542602436,102.42256976387614,101.56851424172437,100.15683540995035,98.21246169560779,102.81914893617021,95.64547865514588,103.56050892592958,107.4070924398333,95.00233535730966,98.92030848329047,106.8353905196556,98.34660752091942,101.09635251950245,94.88416988416989,97.33433452224516,93.6506359300477,101.89142979269077,102.59752800308999,93.21953979630328,97.39049394221806,95.9942084942085,101.99301983835416,92.39419160616255,98.54203288181161,98.29688814129521,99.6968835843516,98.98779398630543,95.12959270863,99.46236559139784,105.61277033985581,92.68877347183377,104.30312954876273,101.10527269432869,101.90402176024868,98.87630884481146,103.11364815775819,103.290676416819,105.38454297279489,100.08002400720217
dr,24.205882352941178,22.28125,24.176470588235293,22.181818181818183,23.264705882352942,24.0,25.96969696969697,24.06451612903226,27.0,22.545454545454547,23.4375,25.142857142857142,25.970588235294116,24.424242424242426,26.580645161290324,24.5,23.64516129032258,25.34375,25.875,24.483870967741936,24.59375,24.40625,26.88235294117647,23.129032258064516,26.0,27.375,23.970588235294116,23.794117647058822,23.58823529411765,23.53125,25.25,22.375,23.161290322580644,23.79310344827586,28.333333333333332,26.0,26.303030303030305,23.294117647058822,24.696969696969695,21.606060606060606,25.65625,24.733333333333334,24.1875,24.11764705882353,24.6875,23.96551724137931,21.84375,24.424242424242426,25.242424242424242,25.0625,24.09090909090909,26.705882352941178,23.64516129032258,24.5,25.40625,23.275862068965516,23.9375,23.848484848484848,24.06896551724138,26.625,21.08823529411765,26.060606060606062,24.875,25.303030303030305,23.032258064516128,21.516129032258064,21.424242424242426,25.258064516129032
fga,57.205882352941174,52.5625,54.0,53.121212121212125,58.705882352941174,53.294117647058826,54.666666666666664,55.806451612903224,61.09090909090909,55.45454545454545,53.71875,60.05714285714286,59.970588235294116,56.18181818181818,56.16129032258065,54.65625,53.25806451612903,55.375,55.53125,55.935483870967744,56.34375,52.65625,57.61764705882353,57.16129032258065,58.18181818181818,60.125,60.26470588235294,56.911764705882355,56.5,53.125,55.4375,62.65625,53.16129032258065,52.758620689655174,62.09090909090909,53.84375,60.39393939393939,55.588235294117645,54.03030303030303,51.333333333333336,55.03125,52.8,57.375,53.85294117647059,57.0,51.310344827586206,53.59375,52.24242424242424,57.333333333333336,57.125,57.515151515151516,58.3235294117647,51.70967741935484,55.9,53.75,56.241379310344826,55.6875,54.36363636363637,54.724137931034484,52.28125,55.76470588235294,54.75757575757576,55.21875,64.48484848484848,55.41935483870968,53.61290322580645,54.45454545454545,53.193548387096776
fga3,21.88235294117647,16.46875,19.88235294117647,16.848484848484848,24.764705882352942,21.205882352941178,17.09090909090909,20.580645161290324,22.666666666666668,18.96969696969697,18.625,17.571428571428573,21.323529411764707,17.454545454545453,18.741935483870968,16.9375,19.516129032258064,13.875,15.78125,19.967741935483872,17.6875,19.03125,18.764705882352942,18.870967741935484,18.545454545454547,18.875,24.38235294117647,14.941176470588236,18.352941176470587,22.9375,18.15625,19.5,17.322580645161292,20.75862068965517,15.727272727272727,20.65625,21.21212121212121,17.88235294117647,14.848484848484848,18.757575757575758,15.0625,16.433333333333334,18.90625,19.647058823529413,17.21875,18.82758620689655,12.875,16.727272727272727,18.09090909090909,17.21875,17.12121212121212,15.147058823529411,15.870967741935484,22.466666666666665,15.8125,14.758620689655173,16.6875,17.21212121212121,19.655172413793103,16.3125,22.764705882352942,21.060606060606062,18.1875,23.757575757575758,18.677419354838708,21.70967741935484,14.363636363636363,16.548387096774192
fgm,24.58823529411765,20.90625,25.41176470588235,21.96969696969697,27.235294117647058,21.5,24.575757575757574,24.70967741935484,27.545454545454547,24.151515151515152,23.71875,26.0,28.11764705882353,25.939393939393938,24.483870967741936,25.90625,25.451612903225808,25.0,26.34375,22.612903225806452,26.34375,22.34375,29.58823529411765,24.870967741935484,26.78787878787879,28.03125,27.264705882352942,26.61764705882353,25.441176470588236,23.5,23.8125,28.875,24.096774193548388,22.482758620689655,27.90909090909091,25.09375,29.87878787878788,27.441176470588236,23.848484848484848,22.454545454545453,26.09375,24.433333333333334,25.6875,24.941176470588236,26.09375,23.137931034482758,24.375,21.09090909090909,26.87878787878788,25.59375,24.90909090909091,26.470588235294116,22.967741935483872,24.6,24.53125,25.24137931034483,25.65625,24.181818181818183,23.482758620689655,24.375,24.264705882352942,25.0,24.28125,30.363636363636363,23.677419354838708,23.870967741935484,26.09090909090909,24.612903225806452
fgm3,7.882352941176471,4.8125,7.9411764705882355,6.696969696969697,9.441176470588236,7.529411764705882,6.878787878787879,7.451612903225806,8.181818181818182,6.424242424242424,6.5,5.828571428571428,8.0,6.212121212121212,6.193548387096774,6.71875,7.032258064516129,4.71875,5.625,6.419354838709677,6.84375,6.75,7.264705882352941,7.064516129032258,7.363636363636363,6.90625,8.794117647058824,5.264705882352941,6.0,8.125,6.3125,7.09375,5.935483870967742,7.9655172413793105,5.242424242424242,8.09375,8.0,7.382352941176471,4.878787878787879,6.303030303030303,5.875,6.133333333333334,6.9375,7.852941176470588,5.78125,6.9655172413793105,4.25,5.818181818181818,6.363636363636363,6.09375,5.212121212121212,5.705882352941177,5.354838709677419,7.566666666666666,5.1875,4.862068965517241,5.53125,6.151515151515151,7.137931034482759,5.84375,8.176470588235293,7.787878787878788,6.34375,8.818181818181818,6.258064516129032,8.064516129032258,5.848484848484849,5.516129032258065
fta,18.235294117647058,24.53125,23.794117647058822,22.515151515151516,22.323529411764707,20.08823529411765,18.727272727272727,21.451612903225808,23.818181818181817,21.393939393939394,20.65625,20.62857142857143,22.441176470588236,20.181818181818183,21.35483870967742,21.46875,17.903225806451612,20.25,23.125,23.580645161290324,16.125,20.21875,23.41176470588235,24.419354838709676,21.575757575757574,30.4375,17.970588235294116,25.441176470588236,22.294117647058822,14.8125,20.34375,21.75,21.774193548387096,23.448275862068964,23.545454545454547,24.4375,24.151515151515152,21.029411764705884,20.0,16.303030303030305,23.8125,19.766666666666666,20.15625,18.0,18.65625,19.103448275862068,24.0,20.818181818181817,20.454545454545453,19.6875,22.848484848484848,25.205882352941178,24.612903225806452,16.866666666666667,23.0,23.482758620689655,21.84375,18.87878787878788,22.75862068965517,22.6875,20.61764705882353,24.666666666666668,23.5,20.939393939393938,22.580645161290324,15.03225806451613,22.848484848484848,23.903225806451612
ftm,12.911764705882353,14.9375,17.764705882352942,15.636363636363637,16.441176470588236,14.676470588235293,14.727272727272727,15.612903225806452,18.0,14.242424242424242,14.3125,15.571428571428571,16.823529411764707,13.454545454545455,14.161290322580646,14.8125,13.096774193548388,14.09375,17.5625,15.258064516129032,11.75,14.40625,15.941176470588236,15.903225806451612,15.484848484848484,19.625,12.029411764705882,17.58823529411765,15.147058823529411,10.375,14.1875,16.0,14.741935483870968,18.103448275862068,15.606060606060606,17.71875,17.333333333333332,14.823529411764707,13.272727272727273,11.818181818181818,16.0,14.5,14.34375,12.441176470588236,13.0625,14.620689655172415,17.0625,13.393939393939394,13.484848484848484,13.65625,15.606060606060606,16.264705882352942,17.322580645161292,12.133333333333333,15.71875,16.448275862068964,15.0625,12.333333333333334,16.379310344827587,16.6875,14.823529411764707,18.424242424242426,17.8125,13.969696969696969,15.935483870967742,12.387096774193548,15.787878787878787,17.870967741935484
glicko,1638.3384561854464,1257.6395918920073,1901.5835159234182,1442.356816815533,1798.4989954906014,1544.0842816174645,1708.3885034743098,1803.44674970504,2049.145697644741,1946.9548037320792,1769.2577869135139,2013.309851574868,2067.477872284394,1952.7900611435387,1791.8586850999548,1846.415074844584,1913.18255786416,1777.0545781967155,1829.1088472158729,1512.013196194754,1776.2475944544365,1702.462602769989,2163.3992300785335,1882.0021087883981,1947.8502844529621,1749.953101773265,1979.334879910808,1814.2904451630866,1828.2153042198597,1809.7980248452766,1788.962407099018,1863.9932029805948,1611.7827882244767,1572.0886196595052,1976.9721015750674,2054.6672827325774,1727.7826335439277,2140.433886294609,1916.4560636641645,1812.845557391531,2070.7790087415037,1755.200100648141,1956.4913885347773,1855.5165903356524,2137.3814458732386,1489.6533980554036,1934.2356432759643,1586.039556786601,2020.386991094797,1884.7370526392133,1757.9043304513866,1987.0222704502944,1894.880538185251,1819.3235039145798,1815.6668046513196,1477.443765039573,1890.2817910538324,1734.2661308652876,1452.1670179228004,1936.0988499273683,1758.7863320804113,1837.1005045802603,1873.6806002051203,1816.6790677813626,1903.493476177859,1936.9383941019983,1606.5862689446792,1862.1048590065425
id,1103.0,1106.0,1112.0,1114.0,1125.0,1131.0,1137.0,1139.0,1140.0,1153.0,1155.0,1163.0,1181.0,1196.0,1199.0,1206.0,1207.0,1208.0,1211.0,1214.0,1228.0,1232.0,1242.0,1243.0,1246.0,1254.0,1257.0,1266.0,1272.0,1276.0,1277.0,1281.0,1287.0,1294.0,1314.0,1323.0,1324.0,1326.0,1330.0,1336.0,1338.0,1343.0,1345.0,1350.0,1361.0,1364.0,1385.0,1389.0,1393.0,1396.0,1397.0,1400.0,1401.0,1412.0,1417.0,1421.0,1424.0,1425.0,1427.0,1429.0,1433.0,1435.0,1437.0,1449.0,1452.0,1458.0,1459.0,1462.0
off_eff,105.26548672566372,95.03135552339604,116.02604120217603,104.43128641008497,117.32371381946236,106.4228110599078,108.24216577044317,111.84668989547035,115.83311738792435,110.35686578743208,106.88068904766564,111.85127133402997,117.66715054222526,112.51429660693863,101.37748844230588,115.34303125614312,111.38088012139606,106.67570971805058,113.51098644226273,100.75787019043918,109.17009667847226,102.44068455853754,119.78275744098529,108.11588641596315,116.87830197423304,112.87154082678508,110.98596430428,114.16593115622244,104.96314075090005,107.12460390473271,104.88837567359504,112.7036682059772,109.03983656792649,109.57446808510637,108.22140473949868,119.93293224183846,119.39790798537288,122.41943017281645,111.72236503856038,107.8726273208173,119.4676882750277,109.89879822896904,112.2104247104247,111.97672235779987,112.9272655007949,105.1506732207737,108.246427191966,95.52998868351564,113.18732525629076,109.55598455598457,107.0444526083762,112.758987072782,109.96794540378451,108.65222876366695,106.04338353698965,103.30455492706163,109.22814013101679,105.89477726574499,105.25231719876416,113.91330403515778,110.62590975254732,113.92462402609169,113.02700602292597,117.30654635226017,111.88375713544372,120.77239488117,114.65687658853432,112.58377513253978
opp_ast,11.882352941176471,11.625,13.147058823529411,12.424242424242424,10.970588235294118,11.852941176470589,12.181818181818182,10.612903225806452,12.181818181818182,11.515151515151516,11.15625,12.514285714285714,11.941176470588236,11.515151515151516,11.0,11.25,12.225806451612904,8.9375,10.625,9.806451612903226,12.125,11.28125,11.205882352941176,10.870967741935484,11.090909090909092,15.46875,11.294117647058824,15.5,12.911764705882353,12.875,11.78125,13.53125,12.838709677419354,12.620689655172415,12.545454545454545,13.5,13.636363636363637,11.588235294117647,12.575757575757576,14.303030303030303,11.65625,11.1,12.25,11.088235294117647,10.5,12.517241379310345,14.75,10.515151515151516,14.272727272727273,11.375,11.93939393939394,9.205882352941176,11.064516129032258,10.733333333333333,11.5,12.448275862068966,10.53125,10.030303030303031,13.0,10.5625,13.441176470588236,11.454545454545455,13.46875,10.848484848484848,10.96774193548387,9.64516129032258,10.636363636363637,13.064516129032258
opp_blk,2.323529411764706,2.625,3.2058823529411766,3.787878787878788,4.470588235294118,3.5588235294117645,2.515151515151515,2.870967741935484,3.242424242424242,2.8484848484848486,3.15625,3.8,2.9705882352941178,3.242424242424242,3.2903225806451615,3.25,3.806451612903226,3.4375,2.75,3.225806451612903,2.90625,2.8125,2.7941176470588234,3.4838709677419355,3.606060606060606,3.25,2.676470588235294,3.4411764705882355,4.117647058823529,2.875,3.09375,2.875,2.7096774193548385,3.206896551724138,2.9696969696969697,3.125,2.515151515151515,3.088235294117647,3.090909090909091,3.696969696969697,4.15625,3.8666666666666667,3.3125,2.6176470588235294,2.90625,2.206896551724138,3.96875,3.909090909090909,2.9696969696969697,3.09375,4.181818181818182,2.9411764705882355,4.290322580645161,3.3333333333333335,2.6875,3.8275862068965516,2.5625,2.909090909090909,3.413793103448276,2.9375,3.6176470588235294,3.242424242424242,3.65625,2.757575757575758,3.0,1.903225806451613,3.303030303030303,3.2903225806451615
opp_dr,25.294117647058822,23.5,20.823529411764707,24.818181818181817,21.41176470588235,22.676470588235293,23.242424242424242,22.64516129032258,24.87878787878788,21.03030303030303,21.71875,22.142857142857142,22.470588235294116,21.03030303030303,22.419354838709676,21.6875,19.870967741935484,21.25,20.84375,26.516129032258064,21.625,23.125,20.294117647058822,20.903225806451612,22.303030303030305,23.75,23.205882352941178,21.852941176470587,22.08823529411765,24.125,22.59375,24.4375,19.258064516129032,21.20689655172414,23.96969696969697,21.375,21.78787878787879,20.558823529411764,18.696969696969695,20.87878787878788,18.96875,21.566666666666666,23.40625,23.058823529411764,20.9375,22.03448275862069,22.0,23.606060606060606,21.424242424242426,23.28125,22.424242424242426,22.294117647058822,20.0,22.566666666666666,21.03125,24.0,22.34375,23.484848484848484,24.20689655172414,20.375,23.676470588235293,22.303030303030305,21.75,22.939393939393938,21.161290322580644,20.322580645161292,20.939393939393938,21.35483870967742
opp_fga,56.0,49.65625,55.73529411764706,51.0,50.705882352941174,56.05882352941177,55.21212121212121,52.54838709677419,58.515151515151516,51.0,53.0625,60.6,60.029411764705884,55.81818181818182,56.516129032258064,54.25,55.45161290322581,56.4375,55.25,56.54838709677419,57.03125,52.1875,57.61764705882353,52.45161290322581,58.0,65.5625,55.23529411764706,57.94117647058823,57.0,53.09375,54.84375,56.875,49.903225806451616,51.44827586206897,62.515151515151516,58.875,63.18181818181818,53.38235294117647,52.121212121212125,51.45454545454545,54.46875,53.5,54.21875,55.76470588235294,54.25,53.310344827586206,51.59375,53.45454545454545,57.39393939393939,55.90625,54.96969696969697,58.23529411764706,52.0,54.733333333333334,57.75,56.13793103448276,52.8125,53.06060606060606,56.89655172413793,53.03125,54.44117647058823,60.81818181818182,55.34375,57.60606060606061,55.45161290322581,48.54838709677419,52.303030303030305,54.774193548387096
opp_fga3,17.0,14.8125,15.911764705882353,18.09090909090909,15.382352941176471,21.08823529411765,20.21212121212121,18.967741935483872,17.606060606060606,14.969696969696969,17.0625,18.857142857142858,14.5,17.78787878787879,21.93548387096774,17.75,16.032258064516128,18.0625,19.71875,17.451612903225808,19.875,17.375,19.38235294117647,14.580645161290322,17.333333333333332,21.375,18.235294117647058,20.08823529411765,17.735294117647058,19.78125,17.28125,16.78125,18.612903225806452,21.551724137931036,21.757575757575758,19.4375,18.393939393939394,18.558823529411764,19.515151515151516,18.96969696969697,17.625,14.433333333333334,14.875,16.705882352941178,16.09375,18.82758620689655,20.8125,16.87878787878788,22.515151515151516,15.40625,20.181818181818183,14.911764705882353,17.161290322580644,16.333333333333332,14.59375,18.448275862068964,17.5625,16.545454545454547,22.17241379310345,17.6875,15.823529411764707,18.939393939393938,20.0625,16.181818181818183,17.838709677419356,13.935483870967742,15.696969696969697,19.387096774193548
opp_fgm,23.352941176470587,20.5,24.705882352941178,22.575757575757574,20.61764705882353,22.176470588235293,21.666666666666668,22.548387096774192,24.242424242424242,20.96969696969697,21.21875,24.314285714285713,24.0,23.727272727272727,20.548387096774192,22.0625,23.193548387096776,22.34375,22.125,21.29032258064516,22.875,21.09375,22.88235294117647,22.129032258064516,22.666666666666668,28.375,21.794117647058822,25.323529411764707,23.676470588235293,22.75,23.0625,25.03125,20.967741935483872,21.379310344827587,25.272727272727273,24.0625,27.90909090909091,22.705882352941178,21.060606060606062,22.545454545454547,21.6875,22.666666666666668,22.375,22.38235294117647,21.375,21.482758620689655,22.21875,20.0,22.575757575757574,23.0,22.78787878787879,22.323529411764707,21.451612903225808,22.433333333333334,24.03125,23.655172413793103,21.125,21.848484848484848,24.06896551724138,20.3125,24.61764705882353,24.90909090909091,22.4375,23.939393939393938,22.677419354838708,20.838709677419356,23.393939393939394,22.032258064516128
opp_fgm3,5.411764705882353,5.34375,4.588235294117647,6.151515151515151,5.029411764705882,6.764705882352941,6.363636363636363,6.193548387096774,5.96969696969697,4.818181818181818,5.5,6.314285714285714,4.588235294117647,5.666666666666667,6.612903225806452,5.5625,5.290322580645161,5.8125,7.125,5.451612903225806,6.0625,5.71875,5.705882352941177,5.064516129032258,5.757575757575758,6.40625,5.588235294117647,7.294117647058823,5.882352941176471,6.46875,6.28125,5.75,6.870967741935484,7.551724137931035,7.121212121212121,6.8125,6.636363636363637,6.294117647058823,7.212121212121212,6.96969696969697,5.75,4.766666666666667,4.875,5.029411764705882,4.90625,6.896551724137931,7.625,5.151515151515151,7.03030303030303,5.40625,6.696969696969697,4.323529411764706,5.451612903225806,5.066666666666666,5.0,6.275862068965517,5.6875,5.515151515151516,7.448275862068965,5.3125,5.617647058823529,5.787878787878788,6.4375,5.212121212121212,5.193548387096774,5.225806451612903,5.515151515151516,6.548387096774194
opp_fta,21.41176470588235,26.15625,20.235294117647058,23.12121212121212,23.235294117647058,17.176470588235293,19.757575757575758,20.741935483870968,19.424242424242426,17.87878787878788,18.40625,16.6,18.11764705882353,14.848484848484848,20.580645161290324,17.375,20.322580645161292,19.8125,19.75,20.741935483870968,18.53125,23.5625,18.88235294117647,23.806451612903224,17.78787878787879,16.40625,22.11764705882353,16.91176470588235,21.970588235294116,15.75,20.46875,23.15625,18.967741935483872,22.96551724137931,15.515151515151516,15.0,19.484848484848484,11.147058823529411,14.454545454545455,14.969696969696969,17.65625,19.1,17.03125,16.264705882352942,15.65625,22.75862068965517,20.5625,22.666666666666668,16.87878787878788,15.28125,21.303030303030305,18.08823529411765,19.06451612903226,17.766666666666666,19.0625,22.20689655172414,21.09375,19.333333333333332,21.517241379310345,18.03125,18.529411764705884,17.12121212121212,20.03125,25.606060606060606,19.612903225806452,15.225806451612904,21.757575757575758,19.06451612903226
opp_ftm,14.205882352941176,18.09375,13.470588235294118,16.242424242424242,15.676470588235293,12.117647058823529,13.727272727272727,13.709677419354838,13.393939393939394,12.454545454545455,13.0,11.428571428571429,11.676470588235293,9.93939393939394,14.548387096774194,11.84375,14.419354838709678,13.78125,13.8125,13.838709677419354,13.40625,16.875,13.764705882352942,16.806451612903224,12.757575757575758,10.71875,15.441176470588236,11.117647058823529,14.852941176470589,10.65625,13.5625,16.03125,13.225806451612904,16.344827586206897,10.090909090909092,10.6875,14.090909090909092,8.117647058823529,8.969696969696969,10.363636363636363,11.84375,13.833333333333334,11.8125,11.205882352941176,11.25,15.89655172413793,14.34375,14.757575757575758,11.151515151515152,10.75,15.030303030303031,12.411764705882353,13.129032258064516,12.4,12.71875,15.206896551724139,14.6875,13.575757575757576,15.137931034482758,12.0625,12.588235294117647,12.030303030303031,14.25,17.303030303030305,13.548387096774194,11.419354838709678,15.545454545454545,13.935483870967742
opp_or,11.970588235294118,11.25,9.852941176470589,10.393939393939394,11.058823529411764,12.5,10.484848484848484,9.096774193548388,10.848484848484848,9.93939393939394,11.28125,13.342857142857143,13.058823529411764,10.393939393939394,11.903225806451612,11.09375,11.387096774193548,11.78125,10.53125,13.774193548387096,11.53125,10.46875,10.470588235294118,10.387096774193548,11.545454545454545,13.0,12.882352941176471,11.647058823529411,12.852941176470589,9.78125,10.0625,12.96875,9.225806451612904,9.482758620689655,12.030303030303031,11.09375,12.181818181818182,9.117647058823529,9.333333333333334,9.333333333333334,10.5,9.166666666666666,10.34375,11.852941176470589,10.5625,11.206896551724139,10.6875,12.636363636363637,12.727272727272727,9.96875,11.393939393939394,11.617647058823529,10.0,10.966666666666667,11.65625,13.0,11.1875,9.303030303030303,12.03448275862069,9.21875,12.058823529411764,12.393939393939394,10.75,11.787878787878787,12.741935483870968,7.967741935483871,10.393939393939394,9.774193548387096
opp_pf,18.235294117647058,20.46875,19.91176470588235,20.303030303030305,20.61764705882353,18.529411764705884,17.606060606060606,19.677419354838708,19.727272727272727,18.151515151515152,19.0625,18.8,20.11764705882353,18.393939393939394,19.70967741935484,19.9375,17.032258064516128,17.0625,20.4375,20.516129032258064,16.375,19.71875,19.794117647058822,21.741935483870968,18.696969696969695,23.625,17.176470588235293,20.794117647058822,19.11764705882353,16.625,17.8125,19.25,19.451612903225808,20.724137931034484,20.181818181818183,20.5625,20.757575757575758,19.08823529411765,18.12121212121212,17.545454545454547,20.28125,18.0,18.78125,17.970588235294116,17.4375,17.551724137931036,20.71875,19.606060606060606,17.515151515151516,17.25,19.151515151515152,20.91176470588235,21.096774193548388,17.566666666666666,19.0,20.344827586206897,19.71875,17.424242424242426,20.586206896551722,19.78125,18.558823529411764,20.03030303030303,19.78125,19.21212121212121,21.161290322580644,16.387096774193548,19.78787878787879,20.483870967741936
opp_points,66.32352941176471,64.4375,67.47058823529412,67.54545454545455,61.94117647058823,63.23529411764706,63.42424242424242,65.0,67.84848484848484,59.21212121212121,60.9375,66.37142857142857,64.26470588235294,63.06060606060606,62.25806451612903,61.53125,66.09677419354838,64.28125,65.1875,61.87096774193548,65.21875,64.78125,65.23529411764706,66.12903225806451,63.84848484848485,73.875,64.61764705882354,69.05882352941177,68.08823529411765,62.625,65.96875,71.84375,62.03225806451613,66.65517241379311,67.75757575757575,65.625,76.54545454545455,59.8235294117647,58.303030303030305,62.42424242424242,60.96875,63.93333333333333,61.4375,61.0,58.90625,65.75862068965517,66.40625,59.90909090909091,63.333333333333336,62.15625,67.3030303030303,61.38235294117647,61.483870967741936,62.333333333333336,65.78125,68.79310344827586,62.625,62.78787878787879,70.72413793103448,58.0,67.44117647058823,67.63636363636364,65.5625,70.39393939393939,64.09677419354838,58.32258064516129,67.84848484848484,64.54838709677419
opp_stl,5.970588235294118,7.40625,5.970588235294118,4.181818181818182,6.970588235294118,4.9411764705882355,5.484848484848484,5.419354838709677,5.848484848484849,5.909090909090909,6.75,6.171428571428572,5.970588235294118,6.151515151515151,7.387096774193548,5.3125,7.064516129032258,6.65625,6.40625,4.838709677419355,5.5625,5.96875,6.0588235294117645,6.774193548387097,5.090909090909091,6.90625,6.617647058823529,6.235294117647059,7.382352941176471,4.40625,6.40625,5.75,6.354838709677419,6.379310344827586,7.484848484848484,5.15625,6.757575757575758,3.9705882352941178,5.7272727272727275,4.636363636363637,4.9375,5.566666666666666,5.75,4.705882352941177,5.125,5.9655172413793105,6.125,7.151515151515151,6.242424242424242,5.0625,6.757575757575758,5.176470588235294,6.354838709677419,5.866666666666666,7.03125,7.724137931034483,5.0625,4.9393939393939394,5.862068965517241,5.46875,6.029411764705882,6.909090909090909,5.96875,5.96969696969697,6.645161290322581,3.7096774193548385,5.787878787878788,5.709677419354839
opp_to,13.941176470588236,15.59375,12.676470588235293,13.545454545454545,19.176470588235293,11.264705882352942,11.93939393939394,12.580645161290322,14.575757575757576,14.363636363636363,15.1875,12.142857142857142,14.970588235294118,12.545454545454545,15.483870967741936,13.625,11.548387096774194,12.21875,14.65625,15.741935483870968,12.25,12.6875,14.323529411764707,15.67741935483871,12.272727272727273,14.96875,16.058823529411764,14.058823529411764,14.852941176470589,11.5625,11.84375,18.15625,14.935483870967742,13.655172413793103,14.181818181818182,10.34375,12.0,15.029411764705882,11.424242424242424,10.818181818181818,11.3125,11.933333333333334,14.375,12.617647058823529,12.6875,13.275862068965518,16.09375,14.181818181818182,14.0,13.3125,14.090909090909092,13.0,13.32258064516129,12.433333333333334,12.0625,17.275862068965516,16.21875,11.969696969696969,13.689655172413794,12.15625,14.882352941176471,12.212121212121213,12.0625,14.878787878787879,12.064516129032258,9.67741935483871,13.424242424242424,12.451612903225806
opponents_opponents_win_rate,0.5037834149972089,0.45214074364550283,0.5510331286813974,0.48925278003797124,0.5188802706757317,0.49396516034521193,0.5001163834668972,0.5294238471808566,0.5473944440830135,0.5629680694387867,0.5457617206536924,0.5684841780443073,0.5599951714147755,0.557088532009177,0.5450101426623657,0.5285248302489681,0.55560645224618,0.5482906538411543,0.5374733781819411,0.4844153925696137,0.5546191352642965,0.517280566882813,0.5629422260505753,0.546028458814884,0.5581713149885086,0.5026608611514272,0.5611265394832167,0.5566313757427683,0.5391753250996537,0.5586281024037522,0.5626926040061633,0.5565296447821287,0.4888022652888611,0.49345479913004225,0.5565169025400161,0.5663983265720081,0.5210605234460196,0.5681929932390903,0.5388269571826704,0.5548459804658151,0.5670656602343429,0.5234309303570064,0.5615904700579524,0.5379098988660742,0.5619935582302085,0.4868229269253496,0.5631058673469388,0.5034487142811735,0.5704283740211884,0.5435071028702715,0.542976168596459,0.5628807322428028,0.5483971151523517,0.5328995735921188,0.543220005250722,0.4983367139959432,0.5486023628749447,0.5431381173809224,0.48214053209496116,0.523465197093615,0.5314865367911652,0.548130943787075,0.5629576318918581,0.5512521933322699,0.5630252100840336,0.5603733815115929,0.5074374128428183,0.5407345853415323
opponents_win_rate,0.4945382323733863,0.4176931690929451,0.564,0.4813233724653148,0.4448979591836735,0.47711088504577825,0.47789473684210526,0.55995599559956,0.6020725388601036,0.5368314833501514,0.558455114822547,0.6190926275992439,0.5905974534769833,0.6323828920570265,0.5432230522945571,0.5446808510638298,0.6533613445378151,0.570385818561001,0.5388768898488121,0.39425287356321836,0.5958549222797928,0.5450643776824035,0.6204523107177975,0.6257995735607675,0.62,0.45027322404371584,0.6112730806608357,0.5910852713178295,0.5723076923076923,0.6031413612565445,0.6116910229645094,0.5643153526970954,0.5011441647597255,0.48672566371681414,0.6248746238716149,0.5948979591836735,0.5246781115879828,0.5896927651139743,0.5640243902439024,0.6236012207527976,0.5839267548321465,0.48622754491017967,0.5906735751295337,0.5176817288801572,0.5954446854663774,0.4833948339483395,0.6144329896907217,0.5143737166324436,0.5795228628230616,0.5353430353430353,0.6489151873767258,0.6085232903865213,0.5725274725274725,0.5577367205542725,0.5681341719077568,0.48863636363636365,0.586767895878525,0.5737373737373738,0.4412532637075718,0.5292171995589857,0.5489021956087824,0.60261569416499,0.5745967741935484,0.5667351129363449,0.6295907660020986,0.5888051668460711,0.5021052631578947,0.564430244941427
or,10.058823529411764,13.3125,10.411764705882353,10.303030303030303,13.088235294117647,12.0,8.151515151515152,10.870967741935484,11.454545454545455,13.090909090909092,11.46875,14.428571428571429,12.294117647058824,13.090909090909092,12.451612903225806,10.59375,10.064516129032258,12.375,11.46875,11.096774193548388,10.21875,10.53125,11.676470588235293,14.64516129032258,12.090909090909092,14.46875,12.588235294117647,12.411764705882353,12.088235294117647,8.0625,11.9375,12.15625,13.774193548387096,11.793103448275861,14.181818181818182,10.9375,12.454545454545455,11.205882352941176,15.484848484848484,9.969696969696969,14.21875,9.766666666666667,11.03125,9.058823529411764,12.59375,8.724137931034482,10.90625,11.363636363636363,12.606060606060606,11.03125,13.878787878787879,13.794117647058824,12.225806451612904,11.5,11.8125,11.344827586206897,11.25,10.151515151515152,10.344827586206897,10.59375,10.911764705882353,10.878787878787879,12.25,14.030303030303031,14.387096774193548,10.548387096774194,11.06060606060606,10.225806451612904
pf,19.235294117647058,22.3125,18.61764705882353,20.727272727272727,20.823529411764707,18.205882352941178,18.242424242424242,19.161290322580644,17.606060606060606,17.303030303030305,18.375,16.02857142857143,17.88235294117647,14.424242424242424,19.258064516129032,17.15625,18.612903225806452,16.5,18.6875,18.483870967741936,17.59375,20.3125,17.88235294117647,20.451612903225808,16.09090909090909,17.25,19.205882352941178,16.88235294117647,20.235294117647058,16.78125,18.84375,20.59375,19.193548387096776,19.448275862068964,16.242424242424242,15.03125,18.606060606060606,14.264705882352942,14.727272727272727,15.666666666666666,18.0,17.6,18.03125,16.08823529411765,15.1875,19.689655172413794,18.875,19.484848484848484,15.363636363636363,15.9375,19.666666666666668,17.205882352941178,18.516129032258064,16.8,17.5,19.655172413793103,19.34375,17.242424242424242,19.75862068965517,17.25,18.235294117647058,16.303030303030305,17.46875,20.272727272727273,17.870967741935484,15.064516129032258,19.21212121212121,17.161290322580644
points,69.97058823529412,61.5625,76.52941176470588,66.27272727272727,80.3529411764706,65.20588235294117,70.75757575757575,72.48387096774194,81.27272727272727,68.96969696969697,68.25,73.4,81.05882352941177,71.54545454545455,69.3225806451613,73.34375,71.03225806451613,68.8125,75.875,66.90322580645162,71.28125,65.84375,82.38235294117646,72.70967741935483,76.42424242424242,82.59375,75.3529411764706,76.08823529411765,72.02941176470588,65.5,68.125,80.84375,68.87096774193549,71.03448275862068,76.66666666666667,76.0,85.0909090909091,77.08823529411765,65.84848484848484,63.03030303030303,74.0625,69.5,72.65625,70.17647058823529,71.03125,67.86206896551724,70.0625,61.39393939393939,73.60606060606061,70.9375,70.63636363636364,74.91176470588235,68.61290322580645,68.9,69.96875,71.79310344827586,71.90625,66.84848484848484,70.48275862068965,71.28125,71.52941176470588,76.21212121212122,72.71875,83.51515151515152,69.54838709677419,68.19354838709677,73.81818181818181,72.61290322580645
poss,66.47058823529412,64.78125,65.95882352941177,63.46060606060608,68.48823529411763,61.27058823529414,65.36969696969696,64.80645161290325,70.16363636363636,62.496969696969714,63.85625000000002,65.62285714285713,68.88823529411765,63.58787878787878,68.38064516129033,63.5875,63.77419354838709,64.50625,66.84375,66.4,65.29375000000002,64.27499999999999,68.77647058823528,67.25161290322582,65.38787878787878,73.17500000000001,67.89411764705883,66.64705882352939,68.62352941176471,61.14374999999999,64.95000000000002,71.73124999999999,63.16129032258063,64.82758620689656,70.84242424242423,63.36874999999999,71.26666666666667,62.970588235294116,58.93939393939395,58.430303030303044,61.99375000000001,63.23999999999999,64.75,62.670588235294126,62.9,64.53793103448275,64.72500000000001,64.26666666666667,65.03030303030305,64.75,65.98787878787878,66.43529411764706,62.39354838709677,63.41333333333333,65.98125000000002,69.49655172413793,65.83125000000001,63.12727272727273,66.96551724137932,62.57500000000002,64.65882352941176,66.89696969696969,64.3375,71.19393939393939,62.16129032258064,56.46451612903227,64.38181818181818,64.49677419354838
pyth_exp,0.6054538122116566,0.4097152254800568,0.7326024889431272,0.46202862567531783,0.8891362212145872,0.5610677786621088,0.7058488938176938,0.7051230929415581,0.8091146405465766,0.7721212136002014,0.7123099557498918,0.6910981178526199,0.8649838221471101,0.7329993428114646,0.7026315952991986,0.802959808876226,0.640172599283767,0.6329607030012914,0.7711041113122858,0.6514840838755172,0.6706420804376382,0.5324907547388663,0.8661066955663851,0.6811220273264635,0.8081907659637896,0.7094009271502674,0.7737421290159361,0.6847051359741134,0.610677446711043,0.5888188394370291,0.5639736525162962,0.7199467040500371,0.6977573934338733,0.6245866207484227,0.7287413312928548,0.763905682731969,0.6998710100338272,0.8837481344026338,0.7258402119212921,0.5193142066213696,0.8258337455117467,0.6610298686067367,0.7927779323140344,0.7541952399533067,0.8171836549891444,0.5626420765577661,0.6055804378391418,0.5488097850931262,0.7689736041633445,0.7421517786033908,0.5954925011101817,0.8311091580701029,0.7063341455230954,0.6902479620854814,0.6209802501213934,0.5845498320600039,0.7513058546736288,0.6227724862889393,0.4931628127087589,0.8388265006387744,0.6155786922949865,0.7221192190235515,0.6960933080598687,0.796954451242005,0.6576928320375558,0.7774530219758078,0.6625377975522063,0.7194671525047659
rpi,0.5614502640536424,0.45156927045784834,0.6476994586409375,0.5069142751815442,0.5698161060842991,0.5370467326091921,0.5624613127726253,0.6026565402401555,0.6636424562083809,0.622794122671136,0.6172304875746966,0.6602387868821273,0.6882386960627738,0.6675847911520195,0.5901221263289991,0.620096633094157,0.6446145433949687,0.6019530727407891,0.6053692894698913,0.5037141558917545,0.6193947449559705,0.559664830561905,0.706844064812719,0.6510198047099112,0.6753004045047029,0.5648643273097147,0.6738593516718102,0.6111710678299009,0.640065324487583,0.6146652062292103,0.6183936624837956,0.6369150875440799,0.5630952293472393,0.5512092902616073,0.6727786587829327,0.6796735612348388,0.5713920654433751,0.7045416896902891,0.6424765101751945,0.6247545297352768,0.675917292474659,0.5773048383776748,0.6591719050792548,0.5977301038624795,0.6725957322907409,0.5082307349124037,0.6370554616820956,0.5315338853713637,0.6566109491592521,0.6207357933890855,0.6162622418980838,0.6699818282539612,0.6378791440840822,0.612093253675166,0.6261220872665588,0.5068333947999263,0.6305345386579987,0.5878047313654327,0.48943762694649173,0.6376623990528967,0.5852639084727708,0.6398557345444152,0.6108502950697388,0.6226957563163915,0.6394226532639932,0.6554636707364175,0.5370028938805611,0.6303019946125482
seed,15.0,16.0,5.0,16.0,13.0,16.0,14.0,8.0,3.0,6.0,12.0,3.0,1.0,2.0,10.0,8.0,6.0,10.0,11.0,16.0,9.0,14.0,1.0,5.0,4.0,15.0,4.0,11.0,12.0,8.0,10.0,11.0,13.0,15.0,2.0,2.0,13.0,1.0,9.0,10.0,1.0,13.0,3.0,12.0,2.0,15.0,6.0,14.0,3.0,7.0,9.0,4.0,7.0,12.0,7.0,16.0,8.0,11.0,16.0,12.0,11.0,5.0,9.0,7.0,5.0,4.0,14.0,6.0
stl,6.4411764705882355,7.3125,5.029411764705882,5.696969696969697,9.735294117647058,5.382352941176471,4.757575757575758,5.935483870967742,7.96969696969697,7.575757575757576,8.03125,6.628571428571429,7.470588235294118,5.878787878787879,8.774193548387096,6.75,6.129032258064516,6.5,7.34375,7.32258064516129,5.5625,6.0,7.9411764705882355,6.225806451612903,5.484848484848484,7.34375,9.205882352941176,7.176470588235294,8.529411764705882,4.6875,6.3125,9.71875,8.451612903225806,5.793103448275862,6.121212121212121,4.59375,6.151515151515151,7.176470588235294,6.818181818181818,4.454545454545454,4.8125,5.833333333333333,6.28125,6.117647058823529,6.1875,7.206896551724138,8.0,7.666666666666667,8.757575757575758,6.9375,7.454545454545454,5.823529411764706,6.516129032258065,5.333333333333333,5.4375,8.96551724137931,8.125,5.96969696969697,6.793103448275862,4.84375,8.529411764705882,5.2727272727272725,6.34375,6.7272727272727275,4.612903225806452,3.4516129032258065,6.757575757575758,5.516129032258065
to,12.029411764705882,15.71875,12.852941176470589,11.636363636363637,13.941176470588236,11.941176470588236,11.363636363636363,11.290322580645162,11.0,11.575757575757576,13.34375,11.742857142857142,12.235294117647058,12.424242424242424,16.129032258064516,10.9375,13.419354838709678,13.40625,13.53125,12.129032258064516,12.71875,14.0625,13.470588235294118,14.96774193548387,10.666666666666666,15.34375,13.029411764705882,11.970588235294118,15.294117647058824,10.15625,13.3125,12.53125,15.064516129032258,14.482758620689655,13.515151515151516,10.6875,13.666666666666666,10.176470588235293,12.393939393939394,10.545454545454545,11.65625,12.3,10.34375,10.676470588235293,11.03125,14.310344827586206,12.4375,15.06060606060606,12.121212121212121,10.78125,13.212121212121213,11.823529411764707,13.064516129032258,12.266666666666667,14.84375,15.206896551724139,12.65625,11.363636363636363,13.482758620689655,11.8125,11.558823529411764,13.151515151515152,11.96875,12.363636363636363,12.096774193548388,7.387096774193548,11.848484848484848,11.96774193548387
weighted_win_rate,0.7529411764705882,0.51875,0.9117647058823528,0.5757575757575758,0.8705882352941178,0.7000000000000001,0.7939393939393938,0.7612903225806452,0.903030303030303,0.8545454545454545,0.8062499999999999,0.8342857142857143,1.0117647058823527,0.8484848484848484,0.7290322580645162,0.8625,0.7161290322580645,0.71875,0.8062500000000001,0.7419354838709679,0.7312499999999998,0.63125,1.0235294117647058,0.8064516129032256,0.903030303030303,0.8562499999999998,0.9117647058823527,0.7058823529411765,0.8764705882352941,0.69375,0.6875,0.8624999999999997,0.7612903225806453,0.7379310344827585,0.8848484848484848,0.9624999999999999,0.7151515151515151,1.0705882352941176,0.903030303030303,0.696969696969697,0.96875,0.8133333333333334,0.8937499999999998,0.8176470588235294,0.9375,0.5793103448275861,0.75625,0.5939393939393941,0.896969696969697,0.86875,0.6242424242424244,0.8999999999999999,0.8580645161290322,0.8000000000000002,0.8249999999999998,0.5517241379310345,0.8,0.6606060606060606,0.5931034482758621,0.9687500000000001,0.7117647058823531,0.8060606060606061,0.73125,0.806060606060606,0.7354838709677418,0.8838709677419354,0.6363636363636365,0.8516129032258065
win_rate,0.6470588235294118,0.46875,0.7941176470588235,0.5151515151515151,0.8823529411764706,0.6176470588235294,0.7575757575757576,0.7096774193548387,0.8787878787878788,0.7575757575757576,0.65625,0.7428571428571429,0.8823529411764706,0.7878787878787878,0.6774193548387096,0.8125,0.6774193548387096,0.65625,0.71875,0.7419354838709677,0.59375,0.59375,0.9411764705882353,0.6774193548387096,0.7575757575757576,0.84375,0.7352941176470589,0.5882352941176471,0.7352941176470589,0.59375,0.5625,0.6875,0.7096774193548387,0.6551724137931034,0.7878787878787878,0.8125,0.7272727272727273,0.9411764705882353,0.8181818181818182,0.5757575757575758,0.84375,0.8,0.78125,0.7941176470588235,0.9375,0.5517241379310345,0.65625,0.6060606060606061,0.7878787878787878,0.78125,0.5757575757575758,0.7941176470588235,0.7419354838709677,0.7333333333333333,0.6875,0.5517241379310345,0.75,0.5757575757575758,0.5517241379310345,0.90625,0.6764705882352942,0.696969696969697,0.65625,0.696969696969697,0.6451612903225806,0.7419354838709677,0.6363636363636364,0.7741935483870968
